change_date,change_type,listing_id,category,listing_type,property_type,title,price_prev,price_curr,price_delta,price_delta_pct,currency,price_period,area_size,area_unit,beds_min,beds_max,baths_min,city,area,community,sub_community,compound,latitude,longitude,developer,project_name,agency_name,agent_name,agent_phone,furnished,completion_status,permit_number,rera_number,amenities,share_url,first_seen_at,last_seen_at,days_on_market,scraped_at
2026-06-25,new,1002849,,,Villa,LUXURY| MODERN | POOL |GARDEN |NEAR BRITISH SCHOOL,,1500.0,,,BHD,monthly,,,,,,,,,,,26.140336990356445,50.478271484375,,,,Abdul Farook,,PARTLY,,,,,https://www.propertyfinder.bh/en/plp/rent/villa-for-rent-northern-governorate-hamala-1002849.html,2026-06-25T20:46:51.206174+00:00,2026-06-25T20:46:51.206174+00:00,0,2026-06-25T20:46:51.206174+00:00
2026-06-25,new,51002644,,,Villa,BRIGHT AND SAPCIOUS VILLA I WITH POOL I MAHOOZ,,800.0,,,BHD,monthly,,,,,,,,,,,26.207910537719727,50.587345123291016,,,,Sheraz Butt,,PARTLY,,,,,https://www.propertyfinder.bh/en/plp/rent/villa-for-rent-capital-governorate-manama-mahooz-2PG6uOXIXCK.html,2026-06-25T20:46:51.206174+00:00,2026-06-25T20:46:51.206174+00:00,0,2026-06-25T20:46:51.206174+00:00
2026-06-25,new,51352944,,,Apartment,Spacious Big 2 BHK Flat For Rent In West Riffa,,200.0,,,BHD,monthly,,,,,,,,West Riffa,,,26.123153686523438,50.54193878173828,,,,salman siraj,,NO,,,,,https://www.propertyfinder.bh/en/plp/rent/apartment-for-rent-southern-governorate-riffa-west-riffa-2PefJoQfume.html,2026-06-05T20:36:54.354740+00:00,2026-06-25T20:46:51.206174+00:00,20,2026-06-25T20:46:51.206174+00:00
2026-06-25,new,51383103,,,Villa,COMPOUND VILLA | LARGE GARDEN | PETS ALLOWED,,450.0,,,BHD,monthly,,,,,,,,,,,26.149999618530273,50.58333206176758,,,,Muhammad,,PARTLY,,,,,https://www.propertyfinder.bh/en/plp/rent/villa-for-rent-central-governorate-sanad-2PgfjYDywF6.html,2026-05-31T13:58:31.068517+00:00,2026-06-25T20:46:51.206174+00:00,25,2026-06-25T20:46:51.206174+00:00
2026-06-25,new,51383106,,,Villa,COMPOUND VILLA | BACK GARDEN | MAID’S ROOM,,550.0,,,BHD,monthly,,,,,,,,,,,26.149999618530273,50.58333206176758,,,,Muhammad,,PARTLY,,,,,https://www.propertyfinder.bh/en/plp/rent/villa-for-rent-central-governorate-sanad-2PgfxjV2jFg.html,2026-05-31T13:58:31.068517+00:00,2026-06-25T20:46:51.206174+00:00,25,2026-06-25T20:46:51.206174+00:00
2026-06-25,new,52830650,,,Office Space,Spacious Fitted Space @Al Khamis Main Road,,624.0,,,BHD,monthly,,,,,,,,,,,26.206274032592773,50.55023956298828,,,,Ahmed Alkuwaiti,,NO,,,,,https://www.propertyfinder.bh/en/plp/commercial-rent/office-space-for-rent-northern-governorate-khamis-52830650.html,2026-05-31T13:58:31.068517+00:00,2026-06-25T20:46:51.206174+00:00,25,2026-06-25T20:46:51.206174+00:00
2026-06-25,new,52830651,,,Office Space,Fitted - Spacious @Al Khamis Main Road,,404.0,,,BHD,monthly,,,,,,,,,,,26.206274032592773,50.55023956298828,,,,Ahmed Alkuwaiti,,YES,,,,,https://www.propertyfinder.bh/en/plp/commercial-rent/office-space-for-rent-northern-governorate-khamis-52830651.html,2026-05-31T13:58:31.068517+00:00,2026-06-25T20:46:51.206174+00:00,25,2026-06-25T20:46:51.206174+00:00
2026-06-25,new,52830652,,,Office Space,Fitted - Easy Access - Al Khamis Main Road,,903.0,,,BHD,monthly,,,,,,,,,,,26.206274032592773,50.55023956298828,,,,Ahmed Alkuwaiti,,YES,,,,,https://www.propertyfinder.bh/en/plp/commercial-rent/office-space-for-rent-northern-governorate-khamis-52830652.html,2026-05-31T13:58:31.068517+00:00,2026-06-25T20:46:51.206174+00:00,25,2026-06-25T20:46:51.206174+00:00
2026-06-25,new,52830653,,,Office Space,Spacious - Fitted - Easy Access - Prime,,621.0,,,BHD,monthly,,,,,,,,,,,26.206274032592773,50.55023956298828,,,,Ahmed Alkuwaiti,,YES,,,,,https://www.propertyfinder.bh/en/plp/commercial-rent/office-space-for-rent-northern-governorate-khamis-52830653.html,2026-05-31T13:58:31.068517+00:00,2026-06-25T20:46:51.206174+00:00,25,2026-06-25T20:46:51.206174+00:00
2026-06-25,new,52830677,,,Office Space,Full Floor - Easy Access - Prime Location,,5000.0,,,BHD,monthly,,,,,,,,Diplomatic Area,,,26.240070343017578,50.587345123291016,,,,Ahmed Alkuwaiti,,NO,,,,,https://www.propertyfinder.bh/en/plp/commercial-rent/office-space-for-rent-capital-governorate-manama-diplomatic-area-52830677.html,2026-05-31T13:58:31.068517+00:00,2026-06-25T20:46:51.206174+00:00,25,2026-06-25T20:46:51.206174+00:00
2026-06-25,new,52981205,,,Whole Building,Building for sale in Al Hidd area,,250000.0,,,BHD,sell,,,,,,,,,,,26.21263313293457,50.67418670654297,,,,Deewania estate agency,,PARTLY,completed_primary,,,,https://www.propertyfinder.bh/en/plp/buy/whole-building-for-sale-muharraq-governorate-hidd-52981205.html,2026-05-31T13:58:31.068517+00:00,2026-06-25T20:46:51.206174+00:00,25,2026-06-25T20:46:51.206174+00:00
2026-06-25,new,53189609,,,Apartment,BRAND NEW LUXURIOUS II TWO BEDROOM SEAVIEW II,,650.0,,,BHD,monthly,,,,,,,,,,,26.21263313293457,50.67418670654297,,,,Sheraz Butt,,YES,,,,,https://www.propertyfinder.bh/en/plp/rent/apartment-for-rent-muharraq-governorate-hidd-53189609.html,2026-05-31T13:58:31.068517+00:00,2026-06-25T20:46:51.206174+00:00,25,2026-06-25T20:46:51.206174+00:00
2026-06-25,new,54688951,,,Land,Land for sale in Jidhafs Close to the main road Cl,,242491.0,,,BHD,sell,,,,,,,,,,,26.21967315673828,50.53300476074219,,,,Abdulfattah ali,,,,,,,https://www.propertyfinder.bh/en/plp/buy/land-for-sale-northern-governorate-jidhafs-54688951.html,2026-06-25T20:46:51.206174+00:00,2026-06-25T20:46:51.206174+00:00,0,2026-06-25T20:46:51.206174+00:00
2026-06-25,new,54688954,,,Land,Land for sale in Saar Near Square Mall Area: 413 s,,137811.0,,,BHD,sell,,,,,,,,,,,26.19164276123047,50.48757553100586,,,,Abdulfattah ali,,,,,,,https://www.propertyfinder.bh/en/plp/buy/land-for-sale-northern-governorate-saar-54688954.html,2026-06-25T20:46:51.206174+00:00,2026-06-25T20:46:51.206174+00:00,0,2026-06-25T20:46:51.206174+00:00
2026-06-25,new,54688955,,,Land,Land for sale in Tubli Located behind Hassan Mahmo,,229124.0,,,BHD,sell,,,,,,,,,,,26.188888549804688,50.54999923706055,,,,Abdulfattah ali,,,,,,,https://www.propertyfinder.bh/en/plp/commercial-buy/land-for-sale-central-governorate-tubli-54688955.html,2026-06-25T20:46:51.206174+00:00,2026-06-25T20:46:51.206174+00:00,0,2026-06-25T20:46:51.206174+00:00
2026-06-25,new,54688971,,,Apartment,Sea View | Studio | Balcony | Dilmunia,,285.0,,,BHD,monthly,,,,,,,,Hanging Garden,,,26.27286720275879,50.672889709472656,,,,Mars Properties,,YES,,,,,https://www.propertyfinder.bh/en/plp/rent/apartment-for-rent-muharraq-governorate-dilmunia-island-hanging-garden-54688971.html,2026-06-25T20:46:51.206174+00:00,2026-06-25T20:46:51.206174+00:00,0,2026-06-25T20:46:51.206174+00:00
2026-06-25,new,54688973,,,Apartment,Sea View  | 1 Bedroom | Balcony | Essence,,350.0,,,BHD,monthly,,,,,,,,Essence of Dilmunia,,,26.27286720275879,50.672889709472656,,,,Mars Properties,,YES,,,,,https://www.propertyfinder.bh/en/plp/rent/apartment-for-rent-muharraq-governorate-dilmunia-island-essence-of-dilmunia-54688973.html,2026-06-25T20:46:51.206174+00:00,2026-06-25T20:46:51.206174+00:00,0,2026-06-25T20:46:51.206174+00:00
2026-06-25,new,54688974,,,Apartment,Stunning | 1 Bedroom | Balcony | WIFI,,340.0,,,BHD,monthly,,,,,,,,Essence of Dilmunia,,,26.27286720275879,50.672889709472656,,,,Mars Properties,,YES,,,,,https://www.propertyfinder.bh/en/plp/rent/apartment-for-rent-muharraq-governorate-dilmunia-island-essence-of-dilmunia-54688974.html,2026-06-25T20:46:51.206174+00:00,2026-06-25T20:46:51.206174+00:00,0,2026-06-25T20:46:51.206174+00:00
2026-06-25,new,54688989,,,Land,Prime Mixed-Use Land - Commercial - B3*,,204311.0,,,BHD,sell,,,,,,,,,,,26.27199935913086,50.60900115966797,,,,Ahmed Alkuwaiti,,,,,,,https://www.propertyfinder.bh/en/plp/commercial-buy/land-for-sale-muharraq-governorate-busaiteen-54688989.html,2026-06-25T20:46:51.206174+00:00,2026-06-25T20:46:51.206174+00:00,0,2026-06-25T20:46:51.206174+00:00
2026-06-25,new,54688998,,,Apartment,"POCKET FRIENDLY, SPACIOUS, BRIGHT, FAMILY BUILDING",,200.0,,,BHD,monthly,,,,,,,,,,,26.21263313293457,50.67418670654297,,,,Nayla Tabussam,,YES,,,,,https://www.propertyfinder.bh/en/plp/rent/apartment-for-rent-muharraq-governorate-hidd-54688998.html,2026-06-25T20:46:51.206174+00:00,2026-06-25T20:46:51.206174+00:00,0,2026-06-25T20:46:51.206174+00:00
2026-06-25,new,54689005,,,Apartment,"UNLIMITED EWA, SEAVIEW, SPACIOUS, BALCONY, S POOL,",,300.0,,,BHD,monthly,,,,,,,,,,,26.21263313293457,50.67418670654297,,,,Nayla Tabussam,,YES,,,,,https://www.propertyfinder.bh/en/plp/rent/apartment-for-rent-muharraq-governorate-hidd-54689005.html,2026-06-25T20:46:51.206174+00:00,2026-06-25T20:46:51.206174+00:00,0,2026-06-25T20:46:51.206174+00:00
2026-06-25,new,54689044,,,Villa,Beautiful newly renovated villa on the Golf Course,,1200.0,,,BHD,monthly,,,,,,,,Riffa Views,,,26.097333908081055,50.56736373901367,,,,Volha Hershanava,,PARTLY,,,,,https://www.propertyfinder.bh/en/plp/rent/villa-for-rent-southern-governorate-riffa-riffa-views-54689044.html,2026-06-25T20:46:51.206174+00:00,2026-06-25T20:46:51.206174+00:00,0,2026-06-25T20:46:51.206174+00:00
2026-06-25,new,54689057,,,Apartment,Luxury living | Four seasons private residences,,3500.0,,,BHD,monthly,,,,,,,,,,,26.249584197998047,50.580360412597656,,,,Linda Mehdi,,PARTLY,,,,,https://www.propertyfinder.bh/en/plp/rent/apartment-for-rent-capital-governorate-bahrain-bay-54689057.html,2026-06-25T20:46:51.206174+00:00,2026-06-25T20:46:51.206174+00:00,0,2026-06-25T20:46:51.206174+00:00
2026-06-25,new,54689060,,,Villa,Cozy 3 Bedroom renovated villa / Corner location,,850.0,,,BHD,monthly,,,,,,,,Riffa Views,,,26.097333908081055,50.56736373901367,,,,Oksana Ruban,,PARTLY,,,,,https://www.propertyfinder.bh/en/plp/rent/villa-for-rent-southern-governorate-riffa-riffa-views-54689060.html,2026-06-25T20:46:51.206174+00:00,2026-06-25T20:46:51.206174+00:00,0,2026-06-25T20:46:51.206174+00:00
2026-06-25,new,54689064,,,Apartment,FONTANA | SEA VIEW | EWA,,600.0,,,BHD,monthly,,,,,,,,,,,26.211111068725586,50.601112365722656,,,,Mohamed  Jamsheer,,YES,,,,,https://www.propertyfinder.bh/en/plp/rent/apartment-for-rent-capital-governorate-al-juffair-54689064.html,2026-06-25T20:46:51.206174+00:00,2026-06-25T20:46:51.206174+00:00,0,2026-06-25T20:46:51.206174+00:00
2026-06-25,new,54689084,,,Apartment,FAMILY BUILDING | BALCONY | UNFURNISHED,,200.0,,,BHD,monthly,,,,,,,,,,,26.25,50.650001525878906,,,,Muhammad,,NO,,,,,https://www.propertyfinder.bh/en/plp/rent/apartment-for-rent-muharraq-governorate-arad-54689084.html,2026-06-25T20:46:51.206174+00:00,2026-06-25T20:46:51.206174+00:00,0,2026-06-25T20:46:51.206174+00:00
2026-06-25,new,54689087,,,Apartment,BIG BALCONY | MAID’S ROOM | FAMILY BUILDING,,220.0,,,BHD,monthly,,,,,,,,,,,26.25,50.650001525878906,,,,Muhammad,,NO,,,,,https://www.propertyfinder.bh/en/plp/rent/apartment-for-rent-muharraq-governorate-arad-54689087.html,2026-06-25T20:46:51.206174+00:00,2026-06-25T20:46:51.206174+00:00,0,2026-06-25T20:46:51.206174+00:00
2026-06-25,new,54689091,,,Apartment,Luxury Fully Furnished 2-Bedroom Apartment with Pr,,270.0,,,BHD,monthly,,,,,,,,,,,26.214487075805664,50.584754943847656,,,,H2H,,YES,,,,,https://www.propertyfinder.bh/en/plp/rent/apartment-for-rent-capital-governorate-manama-adliya-54689091.html,2026-06-25T20:46:51.206174+00:00,2026-06-25T20:46:51.206174+00:00,0,2026-06-25T20:46:51.206174+00:00
2026-06-25,new,54689106,,,Apartment,Balcony | Natural Light | Corner Unit,,850.0,,,BHD,monthly,,,,,,,,Bahrain Financial Harbour,,,26.23778533935547,50.57342529296875,,,,Adeel Ajaz,,YES,,,,,https://www.propertyfinder.bh/en/plp/rent/apartment-for-rent-capital-governorate-manama-bahrain-financial-harbour-54689106.html,2026-06-25T20:46:51.206174+00:00,2026-06-25T20:46:51.206174+00:00,0,2026-06-25T20:46:51.206174+00:00
2026-06-25,new,54689107,,,Apartment,Freehold Property | 7 YRS Payment plan | Sea View,,95000.0,,,BHD,sell,,,,,,,,Canal View,,,26.273908615112305,50.67207336425781,,,,Ali  Jawad ,,PARTLY,completed_primary,,,,https://www.propertyfinder.bh/en/plp/buy/apartment-for-sale-muharraq-governorate-dilmunia-island-canal-view-54689107.html,2026-06-25T20:46:51.206174+00:00,2026-06-25T20:46:51.206174+00:00,0,2026-06-25T20:46:51.206174+00:00
2026-06-25,new,54689120,,,Villa,Affordable - Nice Furniture - Modern - Bright,,750.0,,,BHD,monthly,,,,,,,,,,,26.166685104370117,50.45078659057617,,,,Irfan Ali,,YES,,,,,https://www.propertyfinder.bh/en/plp/rent/villa-for-rent-northern-governorate-al-jasra-54689120.html,2026-06-25T20:46:51.206174+00:00,2026-06-25T20:46:51.206174+00:00,0,2026-06-25T20:46:51.206174+00:00
2026-06-25,new,54689125,,,Compound,SIGNATURE 5BR VILLA | POOL | PRIME JASRA,,750.0,,,BHD,monthly,,,,,,,,,,,26.166685104370117,50.45078659057617,,,,Shaji Pathrose,,YES,,,,,https://www.propertyfinder.bh/en/plp/rent/compound-for-rent-northern-governorate-al-jasra-54689125.html,2026-06-25T20:46:51.206174+00:00,2026-06-25T20:46:51.206174+00:00,0,2026-06-25T20:46:51.206174+00:00
2026-06-25,new,54689206,,,Apartment,Beautiful Studio|Unlimited EWA\Wifi,,180.0,,,BHD,monthly,,,,,,,,,,,26.211111068725586,50.601112365722656,,,,Muhammad Fayyaz,,YES,,,,,https://www.propertyfinder.bh/en/plp/rent/apartment-for-rent-capital-governorate-al-juffair-54689206.html,2026-06-25T20:46:51.206174+00:00,2026-06-25T20:46:51.206174+00:00,0,2026-06-25T20:46:51.206174+00:00
2026-06-25,new,54689238,,,Villa,Modern | Bright | Furnished | Private Pool,,1530.0,,,BHD,monthly,,,,,,,,,,,26.166685104370117,50.45078659057617,,,,Aileen Camarillo,,YES,,,,,https://www.propertyfinder.bh/en/plp/rent/villa-for-rent-northern-governorate-al-jasra-54689238.html,2026-06-25T20:46:51.206174+00:00,2026-06-25T20:46:51.206174+00:00,0,2026-06-25T20:46:51.206174+00:00
2026-06-25,new,54689242,,,Villa,Compound | Garden | Closed Kitchen | Maids Room |,,650.0,,,BHD,monthly,,,,,,,,,,,26.185943603515625,50.46711349487305,,,,Aileen Camarillo,,PARTLY,,,,,https://www.propertyfinder.bh/en/plp/rent/villa-for-rent-northern-governorate-janabiya-54689242.html,2026-06-25T20:46:51.206174+00:00,2026-06-25T20:46:51.206174+00:00,0,2026-06-25T20:46:51.206174+00:00
2026-06-25,new,54689248,,,Apartment,3 High | Garden | Closed Kitchen | Maids Room |,,650.0,,,BHD,monthly,,,,,,,,,,,26.185943603515625,50.46711349487305,,,,Aileen Camarillo,,PARTLY,,,,,https://www.propertyfinder.bh/en/plp/rent/apartment-for-rent-northern-governorate-janabiya-54689248.html,2026-06-25T20:46:51.206174+00:00,2026-06-25T20:46:51.206174+00:00,0,2026-06-25T20:46:51.206174+00:00
2026-06-25,new,54689256,,,Apartment,Laundry and Store Room | Bright | Spacious |,,350.0,,,BHD,monthly,,,,,,,,,,,26.185943603515625,50.46711349487305,,,,Aileen Camarillo,,YES,,,,,https://www.propertyfinder.bh/en/plp/rent/apartment-for-rent-northern-governorate-janabiya-54689256.html,2026-06-25T20:46:51.206174+00:00,2026-06-25T20:46:51.206174+00:00,0,2026-06-25T20:46:51.206174+00:00
2026-06-25,new,899747,,,Whole Building,Whole building for sale in Arad. HOT DEAL,,300000.0,,,BHD,sell,,,,,,,,,,,26.25,50.650001525878906,,,,Dafina Muca,,PARTLY,completed,,,,https://www.propertyfinder.bh/en/plp/buy/whole-building-for-sale-muharraq-governorate-arad-899747.html,2026-05-31T13:58:31.068517+00:00,2026-06-25T20:46:51.206174+00:00,25,2026-06-25T20:46:51.206174+00:00
2026-06-25,new,900573,,,Whole Building,Residential Building for Sale in Juffair – Fully Rented,,3600000.0,,,BHD,sell,,,,,,,,,,,26.211111068725586,50.601112365722656,,,,Mahmood Al-Shaikh,,YES,completed,,,,https://www.propertyfinder.bh/en/plp/buy/whole-building-for-sale-capital-governorate-al-juffair-900573.html,2026-05-31T13:58:31.068517+00:00,2026-06-25T20:46:51.206174+00:00,25,2026-06-25T20:46:51.206174+00:00
2026-06-25,new,981336,,,Apartment,FIVE STAR BUILDING I GREAT OPTION I JUFFAIR,,300.0,,,BHD,monthly,,,,,,,,,,,26.211111068725586,50.601112365722656,,,,Sheraz Butt,,YES,,,,,https://www.propertyfinder.bh/en/plp/rent/apartment-for-rent-capital-governorate-al-juffair-981336.html,2026-06-15T21:06:46.439420+00:00,2026-06-25T20:46:51.206174+00:00,9,2026-06-25T20:46:51.206174+00:00
2026-06-25,new,981345,,,Apartment,Great option for Semi-furnished I Pool Gym I Ewa,,280.0,,,BHD,monthly,,,,,,,,,,,26.211111068725586,50.601112365722656,,,,Sheraz Butt,,PARTLY,,,,,https://www.propertyfinder.bh/en/plp/rent/apartment-for-rent-capital-governorate-al-juffair-981345.html,2026-06-15T21:06:46.439420+00:00,2026-06-25T20:46:51.206174+00:00,9,2026-06-25T20:46:51.206174+00:00
2026-06-25,new,981355,,,Apartment,BRIGHT I SEMI-FURNISHED I POOL GYM I JUFFAIR,,350.0,,,BHD,monthly,,,,,,,,,,,26.211111068725586,50.601112365722656,,,,Sheraz Butt,,PARTLY,,,,,https://www.propertyfinder.bh/en/plp/rent/apartment-for-rent-capital-governorate-al-juffair-981355.html,2026-06-15T21:06:46.439420+00:00,2026-06-25T20:46:51.206174+00:00,9,2026-06-25T20:46:51.206174+00:00
2026-06-25,new,981357,,,Apartment,BUDGET FRIENDLY I FAMILY BUILDING I JUFFAIR,,380.0,,,BHD,monthly,,,,,,,,,,,26.211111068725586,50.601112365722656,,,,Sheraz Butt,,YES,,,,,https://www.propertyfinder.bh/en/plp/rent/apartment-for-rent-capital-governorate-al-juffair-981357.html,2026-06-01T03:20:45.757236+00:00,2026-06-25T20:46:51.206174+00:00,24,2026-06-25T20:46:51.206174+00:00
2026-06-25,new,984456,,,Apartment,BIG APARTMENT I 2 BEDROOM I BALCONY I JUFFAIR,,350.0,,,BHD,monthly,,,,,,,,,,,26.211111068725586,50.601112365722656,,,,Sheraz Butt,,YES,,,,,https://www.propertyfinder.bh/en/plp/rent/apartment-for-rent-capital-governorate-al-juffair-984456.html,2026-06-15T21:06:46.439420+00:00,2026-06-25T20:46:51.206174+00:00,9,2026-06-25T20:46:51.206174+00:00
2026-06-25,removed,51174561,,,Duplex,Modern Luxury| Panoramic Sea View | Full Amenities,820.0,,,,BHD,monthly,,,,,,,,,,,26.211111068725586,50.601112365722656,,,,Katherine Chapman,,YES,,,,,https://www.propertyfinder.bh/en/plp/rent/duplex-for-rent-capital-governorate-al-juffair-2PUdXs2ranQ.html,2026-05-31T13:58:31.068517+00:00,2026-06-25T13:41:13.950752+00:00,24,2026-06-25T13:41:13.950752+00:00
2026-06-25,removed,52675633,,,Apartment,SEA VIEW GOOD INVESTMENT HIGH DEMAND FREE HOLD,52000.0,,,,BHD,sell,,,,,,,,,,,26.21263313293457,50.67418670654297,,,,khan Mohammad khan,,YES,completed,,,,https://www.propertyfinder.bh/en/plp/buy/apartment-for-sale-muharraq-governorate-hidd-52675633.html,2026-05-31T13:58:31.068517+00:00,2026-06-25T13:41:13.950752+00:00,24,2026-06-25T13:41:13.950752+00:00
2026-06-25,removed,52906291,,,Apartment,Spacious Living | Sea View Balcony | Open Kitchen,400.0,,,,BHD,monthly,,,,,,,,Amwaj Avenue,,,26.29302978515625,50.66474151611328,,,,Charisse Villaruz,,YES,,,,,https://www.propertyfinder.bh/en/plp/rent/apartment-for-rent-muharraq-governorate-amwaj-islands-amwaj-avenue-52906291.html,2026-05-31T13:58:31.068517+00:00,2026-06-25T13:41:13.950752+00:00,24,2026-06-25T13:41:13.950752+00:00
2026-06-25,removed,52982083,,,Apartment,cozy l closed kitchen l prime location,450.0,,,,BHD,monthly,,,,,,,,,,,26.2102108001709,50.56403350830078,,,,Monica Medhat,,YES,,,,,https://www.propertyfinder.bh/en/plp/rent/apartment-for-rent-capital-governorate-manama-zinj-52982083.html,2026-05-31T13:58:31.068517+00:00,2026-06-25T13:41:13.950752+00:00,24,2026-06-25T13:41:13.950752+00:00
2026-06-25,removed,53350723,,,Villa,AC PROVIDED | LARGE LIVING HALL | GOOD OFFER,400.0,,,,BHD,monthly,,,,,,,,,,,26.266666412353516,50.650001525878906,,,,Muhammad,,PARTLY,,,,,https://www.propertyfinder.bh/en/plp/rent/villa-for-rent-muharraq-governorate-galali-53350723.html,2026-05-31T13:58:31.068517+00:00,2026-06-25T13:41:13.950752+00:00,24,2026-06-25T13:41:13.950752+00:00
2026-06-25,removed,53822660,,,Retail,COMMERCIAL SPACE FOR RENT IN BUSY AREA,2000.0,,,,BHD,monthly,,,,,,,,Exhibition Road,,,26.231962203979492,50.59507369995117,,,,Raul Larosa,,PARTLY,,,,,https://www.propertyfinder.bh/en/plp/commercial-rent/retail-for-rent-capital-governorate-hoora-exhibition-road-53822660.html,2026-05-31T13:58:31.068517+00:00,2026-06-25T13:41:13.950752+00:00,24,2026-06-25T13:41:13.950752+00:00
2026-06-25,removed,53822661,,,Retail,COMMERCIAL SPACE FOR YOUR RESTAURANT,1750.0,,,,BHD,monthly,,,,,,,,Exhibition Road,,,26.231962203979492,50.59507369995117,,,,Raul Larosa,,PARTLY,,,,,https://www.propertyfinder.bh/en/plp/commercial-rent/retail-for-rent-capital-governorate-hoora-exhibition-road-53822661.html,2026-05-31T13:58:31.068517+00:00,2026-06-25T13:41:13.950752+00:00,24,2026-06-25T13:41:13.950752+00:00
2026-06-25,removed,53822883,,,Land,"Good location, quiet area, good price",135700.0,,,,BHD,sell,,,,,,,,,,,26.20176887512207,50.53025436401367,,,,Ahmed Alshaer,,,,,,,https://www.propertyfinder.bh/en/plp/buy/land-for-sale-northern-governorate-sehla-53822883.html,2026-05-31T13:58:31.068517+00:00,2026-06-25T13:41:13.950752+00:00,24,2026-06-25T13:41:13.950752+00:00
2026-06-25,removed,53822891,,,Apartment,1BHK FULLY FURNISHED MODERN | 2BATH,270.0,,,,BHD,monthly,,,,,,,,,,,26.21263313293457,50.67418670654297,,,,JASIM AHMED ABDULLA MOHAMED HASAN,,YES,,,,,https://www.propertyfinder.bh/en/plp/rent/apartment-for-rent-muharraq-governorate-hidd-53822891.html,2026-05-31T13:58:31.068517+00:00,2026-06-25T13:41:13.950752+00:00,24,2026-06-25T13:41:13.950752+00:00
2026-06-25,removed,53822912,,,Apartment,modern fully furnished 2bhk in janabiya,500.0,,,,BHD,monthly,,,,,,,,,,,26.185943603515625,50.46711349487305,,,,JASIM AHMED ABDULLA MOHAMED HASAN,,YES,,,,,https://www.propertyfinder.bh/en/plp/rent/apartment-for-rent-northern-governorate-janabiya-53822912.html,2026-05-31T13:58:31.068517+00:00,2026-06-25T13:41:13.950752+00:00,24,2026-06-25T13:41:13.950752+00:00
2026-06-25,removed,53822914,,,Apartment,2 bhk fully furnished spacious | wifi | gym,375.0,,,,BHD,monthly,,,,,,,,,,,26.211111068725586,50.601112365722656,,,,JASIM AHMED ABDULLA MOHAMED HASAN,,YES,,,,,https://www.propertyfinder.bh/en/plp/rent/apartment-for-rent-capital-governorate-al-juffair-53822914.html,2026-05-31T13:58:31.068517+00:00,2026-06-25T13:41:13.950752+00:00,24,2026-06-25T13:41:13.950752+00:00
2026-06-25,removed,53822915,,,Apartment,2 BHK |SEMI FURNISHED | GYM & POOL | EXCLUSIVE EWA,500.0,,,,BHD,monthly,,,,,,,,,,,26.214487075805664,50.584754943847656,,,,JASIM AHMED ABDULLA MOHAMED HASAN,,PARTLY,,,,,https://www.propertyfinder.bh/en/plp/rent/apartment-for-rent-capital-governorate-manama-adliya-987139.html,2026-05-31T13:58:31.068517+00:00,2026-06-25T13:41:13.950752+00:00,24,2026-06-25T13:41:13.950752+00:00
2026-06-25,removed,54179490,,,Apartment,SPACIOUS 2BHK FLAT FOR RENT | PREMIUM AMENITIES,450.0,,,,BHD,monthly,,,,,,,,,,,26.211111068725586,50.601112365722656,,,,DILSHAB HAMSA,,YES,,,,,https://www.propertyfinder.bh/en/plp/rent/apartment-for-rent-capital-governorate-al-juffair-54179490.html,2026-06-10T21:00:38.499992+00:00,2026-06-25T13:41:13.950752+00:00,14,2026-06-25T13:41:13.950752+00:00
2026-06-25,removed,54179549,,,Apartment,BEAUTIFUL FULLY FURNISHED 2BHK FLAT | WITH WIFI,310.0,,,,BHD,monthly,,,,,,,,,,,26.211111068725586,50.601112365722656,,,,DILSHAB HAMSA,,YES,,,,,https://www.propertyfinder.bh/en/plp/rent/apartment-for-rent-capital-governorate-al-juffair-54179549.html,2026-06-10T21:00:38.499992+00:00,2026-06-25T13:41:13.950752+00:00,14,2026-06-25T13:41:13.950752+00:00
2026-06-25,removed,54262780,,,Apartment,Modern 1 Bedroom with Terrace || Great Facilities,300.0,,,,BHD,monthly,,,,,,,,,,,26.211111068725586,50.601112365722656,,,,Anna Gaydaburova,,YES,,,,,https://www.propertyfinder.bh/en/plp/rent/apartment-for-rent-capital-governorate-al-juffair-54262780.html,2026-06-10T21:00:38.499992+00:00,2026-06-25T13:41:13.950752+00:00,14,2026-06-25T13:41:13.950752+00:00
2026-06-25,removed,54263087,,,Apartment,Fontana Garden Best Deal 2+Maid BD725 Ewa+Internet,725.0,,,,BHD,monthly,,,,,,,,,,,26.211111068725586,50.601112365722656,,,,Sushant Anand,,YES,,,,,https://www.propertyfinder.bh/en/plp/rent/apartment-for-rent-capital-governorate-al-juffair-54263087.html,2026-06-10T21:00:38.499992+00:00,2026-06-25T13:41:13.950752+00:00,14,2026-06-25T13:41:13.950752+00:00
2026-06-25,removed,54289370,,,Apartment,Beautiful 1BHK\Balcony|Inclusive,250.0,,,,BHD,monthly,,,,,,,,,,,26.211111068725586,50.601112365722656,,,,Hammad Naseem,,YES,,,,,https://www.propertyfinder.bh/en/plp/rent/apartment-for-rent-capital-governorate-al-juffair-54289370.html,2026-06-11T20:57:11.134489+00:00,2026-06-25T13:41:13.950752+00:00,13,2026-06-25T13:41:13.950752+00:00
2026-06-25,removed,54291630,,,Apartment,ULTRA LUXURY SPACIOUS COZY GYM WIFI EWA INCLUSIVE,360.0,,,,BHD,monthly,,,,,,,,,,,26.21263313293457,50.67418670654297,,,,khan Mohammad khan,,YES,,,,,https://www.propertyfinder.bh/en/plp/rent/apartment-for-rent-muharraq-governorate-hidd-54291630.html,2026-06-12T20:52:20.984950+00:00,2026-06-25T13:41:13.950752+00:00,12,2026-06-25T13:41:13.950752+00:00
2026-06-25,removed,54424934,,,Apartment,SPACIOUS MAJLIS 3 BALCONYS NEW BUILDING HOT DEAL,81000.0,,,,BHD,sell,,,,,,,,,,,26.21263313293457,50.67418670654297,,,,khan Mohammad khan,,PARTLY,completed,,,,https://www.propertyfinder.bh/en/plp/buy/apartment-for-sale-muharraq-governorate-hidd-54424934.html,2026-06-16T21:07:55.403626+00:00,2026-06-25T13:41:13.950752+00:00,8,2026-06-25T13:41:13.950752+00:00
2026-06-25,removed,54424935,,,Apartment,SPACIOUS BRIGHT 3 BALCONYS NEW BUILDING HOT DEAL,81000.0,,,,BHD,sell,,,,,,,,,,,26.21263313293457,50.67418670654297,,,,khan Mohammad khan,,PARTLY,completed,,,,https://www.propertyfinder.bh/en/plp/buy/apartment-for-sale-muharraq-governorate-hidd-54424935.html,2026-06-16T21:07:55.403626+00:00,2026-06-25T13:41:13.950752+00:00,8,2026-06-25T13:41:13.950752+00:00
2026-06-25,removed,54425120,,,Apartment,Economical / Last Option / Pet Friendly,300.0,,,,BHD,monthly,,,,,,,,Amwaj Avenue,,,26.29302978515625,50.66474151611328,,,,Muhammad Suleman,,YES,,,,,https://www.propertyfinder.bh/en/plp/rent/apartment-for-rent-muharraq-governorate-amwaj-islands-amwaj-avenue-54425120.html,2026-06-16T21:07:55.403626+00:00,2026-06-25T13:41:13.950752+00:00,8,2026-06-25T13:41:13.950752+00:00
2026-06-25,removed,54569005,,,Apartment,Furnished | Inclusive | Luxurious,350.0,,,,BHD,monthly,,,,,,,,,,,26.211111068725586,50.601112365722656,,,,Al Lagoon Real Estate ,,YES,,,,,https://www.propertyfinder.bh/en/plp/rent/apartment-for-rent-capital-governorate-al-juffair-54569005.html,2026-06-25T13:41:13.950752+00:00,2026-06-25T13:41:13.950752+00:00,0,2026-06-25T13:41:13.950752+00:00
2026-06-25,removed,955444,,,Land,RB Land For Sale in Al Maqsha,104000.0,,,,BHD,sell,,,,,,,,,,,26.221059799194336,50.51625442504883,,,,Ammar Abdulaal,,,,,,,https://www.propertyfinder.bh/en/plp/buy/land-for-sale-northern-governorate-al-maqsha-955444.html,2026-05-31T13:58:31.068517+00:00,2026-06-25T13:41:13.950752+00:00,24,2026-06-25T13:41:13.950752+00:00
2026-06-25,removed,960194,,,Villa,Brand new villa /Corner location /Ready to move in,1200.0,,,,BHD,monthly,,,,,,,,Riffa Views,,,26.097333908081055,50.56736373901367,,,,Volha Hershanava,,PARTLY,,,,,https://www.propertyfinder.bh/en/plp/rent/villa-for-rent-southern-governorate-riffa-riffa-views-960194.html,2026-05-31T13:58:31.068517+00:00,2026-06-25T13:41:13.950752+00:00,24,2026-06-25T13:41:13.950752+00:00
2026-06-25,removed,975744,,,Apartment,FAMILY BUILDING I FULLY FURNISHED I POOL & GYM,270.0,,,,BHD,monthly,,,,,,,,,,,26.211111068725586,50.601112365722656,,,,Sheraz Butt,,YES,,,,,https://www.propertyfinder.bh/en/plp/rent/apartment-for-rent-capital-governorate-al-juffair-975744.html,2026-06-15T21:06:46.439420+00:00,2026-06-25T13:41:13.950752+00:00,9,2026-06-25T13:41:13.950752+00:00
2026-06-25,removed,996813,,,Apartment,Spacious| Balcony| Pets Allowed |Great Facilities,310.0,,,,BHD,monthly,,,,,,,,,,,26.211111068725586,50.601112365722656,,,,Katherine Chapman,,YES,,,,,https://www.propertyfinder.bh/en/plp/rent/apartment-for-rent-capital-governorate-al-juffair-996813.html,2026-05-31T13:58:31.068517+00:00,2026-06-25T13:41:13.950752+00:00,24,2026-06-25T13:41:13.950752+00:00
2026-06-25,removed,997898,,,Duplex,Full Amenities | Pet-Friendly | Navy Approved,700.0,,,,BHD,monthly,,,,,,,,,,,26.211111068725586,50.601112365722656,,,,Katherine Chapman,,YES,,,,,https://www.propertyfinder.bh/en/plp/rent/duplex-for-rent-capital-governorate-al-juffair-997898.html,2026-05-31T13:58:31.068517+00:00,2026-06-25T13:41:13.950752+00:00,24,2026-06-25T13:41:13.950752+00:00
2026-06-25,price_changed,53268322,,,Apartment,Modern Studio | Balcony | Luxury Tower,34000.0,33000.0,-1000.0,-2.94,BHD,sell,,,,,,,,,,,26.211111068725586,50.601112365722656,,,,Gulnaz Amangeldinova,,YES,completed,,,,https://www.propertyfinder.bh/en/plp/buy/apartment-for-sale-capital-governorate-al-juffair-53268322.html,2026-05-31T13:58:31.068517+00:00,2026-06-25T20:46:51.206174+00:00,25,2026-06-25T20:46:51.206174+00:00
2026-06-25,price_changed,53517104,,,Apartment,NEW | Be the first Tenant | 2 BR | Balcony,380.0,370.0,-10.0,-2.63,BHD,monthly,,,,,,,,,,,26.211111068725586,50.601112365722656,,,,Zsuzsanna Gecse,,YES,,,,,https://www.propertyfinder.bh/en/plp/rent/apartment-for-rent-capital-governorate-al-juffair-53517104.html,2026-05-31T13:58:31.068517+00:00,2026-06-25T20:46:51.206174+00:00,25,2026-06-25T20:46:51.206174+00:00
2026-06-25,price_changed,53654988,,,Apartment,ICONIC DESIGN | STUDIO | LUXURY LIVING IN JUFFAIR,270.0,260.0,-10.0,-3.7,BHD,monthly,,,,,,,,,,,26.211111068725586,50.601112365722656,,,,Sharshahan Koyilandi,,YES,,,,,https://www.propertyfinder.bh/en/plp/rent/apartment-for-rent-capital-governorate-al-juffair-53654988.html,2026-05-31T13:58:31.068517+00:00,2026-06-25T20:46:51.206174+00:00,25,2026-06-25T20:46:51.206174+00:00
2026-06-25,price_changed,54123490,,,Apartment,Brand New - 200SQM (Big)- 50 Ewa Limit - Spacious,520.0,550.0,30.0,5.77,BHD,monthly,,,,,,,,,,,26.19164276123047,50.48757553100586,,,,Irfan Ali,,PARTLY,,,,,https://www.propertyfinder.bh/en/plp/rent/apartment-for-rent-northern-governorate-saar-54123490.html,2026-06-05T09:09:08.616835+00:00,2026-06-25T20:46:51.206174+00:00,20,2026-06-25T20:46:51.206174+00:00
2026-06-25,price_changed,54123504,,,Apartment,Brand New - Bright - 200SQM(Big) - 50 Ewa Limit,520.0,550.0,30.0,5.77,BHD,monthly,,,,,,,,,,,26.19164276123047,50.48757553100586,,,,Irfan Ali,,PARTLY,,,,,https://www.propertyfinder.bh/en/plp/rent/apartment-for-rent-northern-governorate-saar-54123504.html,2026-06-05T09:09:08.616835+00:00,2026-06-25T20:46:51.206174+00:00,20,2026-06-25T20:46:51.206174+00:00
2026-06-25,price_changed,54262115,,,Apartment,Best deal | Tala island | beach access | terrace,53000.0,49000.0,-4000.0,-7.55,BHD,sell,,,,,,,,Tala Island,,,26.300025939941406,50.66316223144531,,,,Linda Mehdi,,YES,completed,,,,https://www.propertyfinder.bh/en/plp/buy/apartment-for-sale-muharraq-governorate-amwaj-islands-tala-island-54262115.html,2026-06-10T21:00:38.499992+00:00,2026-06-25T20:46:51.206174+00:00,14,2026-06-25T20:46:51.206174+00:00
